{
	"info": {
		"_postman_id": "95c70626-537d-4076-9e00-3465fd9dd230",
		"name": "Assignment 4",
		"schema": "https://schema.getpostman.com/json/collection/v2.1.0/collection.json",
		"_exporter_id": "27716641"
	},
	"item": [
		{
			"name": "New Request",
			"event": [
				{
					"listen": "test",
					"script": {
						"exec": [
							"pm.test(\"Status check\", function () {\r",
							"    var jsonData = pm.response.json();\r",
							"    var status = pm.request.url.query.get('status');\r",
							"    \r",
							"    if (pm.response.code === 200) {\r",
							"        jsonData.forEach(function (pet) {\r",
							"            pm.expect(pet.status).to.eql(status);\r",
							"                   });\r",
							"    } else {\r",
							"                pm.expect(pm.response.code).to.eql(200); \r",
							"                \r",
							"    }\r",
							"});"
						],
						"type": "text/javascript"
					}
				}
			],
			"protocolProfileBehavior": {
				"disableBodyPruning": true
			},
			"request": {
				"method": "GET",
				"header": [],
				"body": {
					"mode": "raw",
					"raw": "",
					"options": {
						"raw": {
							"language": "json"
						}
					}
				},
				"url": {
					"raw": "https://petstore.swagger.io/v2/pet/findByStatus?status=available",
					"protocol": "https",
					"host": [
						"petstore",
						"swagger",
						"io"
					],
					"path": [
						"v2",
						"pet",
						"findByStatus"
					],
					"query": [
						{
							"key": "status",
							"value": "available"
						},
						{
							"key": "status",
							"value": "pending",
							"disabled": true
						},
						{
							"key": "status",
							"value": "sold",
							"disabled": true
						}
					]
				}
			},
			"response": []
		}
	]
}