{
	"info": {
		"_postman_id": "9a2c79cd-2b0f-4c9d-8e32-fd7b98d949ba",
		"name": "Assignment 5",
		"schema": "https://schema.getpostman.com/json/collection/v2.1.0/collection.json",
		"_exporter_id": "27716641"
	},
	"item": [
		{
			"name": "New Request",
			"event": [
				{
					"listen": "test",
					"script": {
						"exec": [
							"pm.test(\"Response code check\", function () {\r",
							"    pm.response.to.have.status(200);\r",
							"});"
						],
						"type": "text/javascript"
					}
				}
			],
			"request": {
				"auth": {
					"type": "basic",
					"basic": [
						{
							"key": "password",
							"value": "@tt!tude",
							"type": "string"
						},
						{
							"key": "username",
							"value": "Uname001",
							"type": "string"
						}
					]
				},
				"method": "GET",
				"header": [],
				"url": {
					"raw": "http://petstore.swagger.io/v2/user/login",
					"protocol": "http",
					"host": [
						"petstore",
						"swagger",
						"io"
					],
					"path": [
						"v2",
						"user",
						"login"
					]
				}
			},
			"response": []
		}
	]
}