{
	"info": {
		"_postman_id": "8a67fbf4-7a97-4e02-80cd-3786676b79c4",
		"name": "Assignment 3",
		"schema": "https://schema.getpostman.com/json/collection/v2.1.0/collection.json",
		"_exporter_id": "27716641"
	},
	"item": [
		{
			"name": "New Request",
			"event": [
				{
					"listen": "test",
					"script": {
						"exec": [
							"pm.test(\"Status code is 200\", function () {\r",
							"    pm.response.to.have.status(200);\r",
							"});\r",
							"pm.test(\"validate username\", function () {\r",
							"    pm.expect(pm.response.text()).to.include(\"Uname001\");\r",
							"});\r",
							"pm.test(\"validate email\", function () {\r",
							"    pm.expect(pm.response.text()).to.include(\"Positive@Attitude.com\");\r",
							"});\r",
							"pm.test(\"validate userstatus\", function () {\r",
							"    pm.expect(pm.response.text()).to.include(\"1\");\r",
							"});"
						],
						"type": "text/javascript"
					}
				}
			],
			"request": {
				"method": "GET",
				"header": [],
				"url": {
					"raw": "https://petstore.swagger.io/v2/user/Uname001",
					"protocol": "https",
					"host": [
						"petstore",
						"swagger",
						"io"
					],
					"path": [
						"v2",
						"user",
						"Uname001"
					]
				}
			},
			"response": []
		},
		{
			"name": "New Request",
			"event": [
				{
					"listen": "test",
					"script": {
						"exec": [
							""
						],
						"type": "text/javascript"
					}
				}
			],
			"request": {
				"method": "POST",
				"header": [],
				"body": {
					"mode": "raw",
					"raw": "[\r\n{\r\n  \"username\": \"Uname001\",\r\n  \"email\": \"Positive@Attitude.com\",\r\n  \"userStatus\": 1\r\n\r\n}\r\n\r\n]\r\n\r\n\r\n",
					"options": {
						"raw": {
							"language": "json"
						}
					}
				},
				"url": {
					"raw": "https://petstore.swagger.io/v2/user/Uname001",
					"protocol": "https",
					"host": [
						"petstore",
						"swagger",
						"io"
					],
					"path": [
						"v2",
						"user",
						"Uname001"
					]
				}
			},
			"response": []
		}
	]
}