{
	"info": {
		"_postman_id": "c228764a-2014-420e-b3b2-4f3982030b5c",
		"name": "Assignment 2",
		"schema": "https://schema.getpostman.com/json/collection/v2.1.0/collection.json",
		"_exporter_id": "27716641"
	},
	"item": [
		{
			"name": "New Request",
			"event": [
				{
					"listen": "test",
					"script": {
						"exec": [
							"pm.test(\"Status code is 200\", function () {\r",
							"    pm.response.to.have.status(200);\r",
							"});\r",
							""
						],
						"type": "text/javascript"
					}
				}
			],
			"request": {
				"method": "PUT",
				"header": [],
				"body": {
					"mode": "raw",
					"raw": "{\r\n\"id\":9223372016900013000,\"category\":{\r\n\"id\":20021,\r\n\"name\":\"string\"},\r\n\"name\":\"doggie\",\"photoUrls\":[\r\n\"sting\"\r\n],\"tags\":[\r\n{\r\n\"id\":0,\r\n\"name\":\"string\"\r\n}\r\n],\r\n\"status\":\"available_QA\"\r\n}",
					"options": {
						"raw": {
							"language": "json"
						}
					}
				},
				"url": {
					"raw": "https://petstore.swagger.io/v2/pet",
					"protocol": "https",
					"host": [
						"petstore",
						"swagger",
						"io"
					],
					"path": [
						"v2",
						"pet"
					]
				}
			},
			"response": []
		},
		{
			"name": "New Request",
			"event": [
				{
					"listen": "test",
					"script": {
						"exec": [
							"pm.test(\"Status code is 200\", function () {\r",
							"    pm.response.to.have.status(200);\r",
							"});\r",
							"pm.test(\"ID validation available\", function () {\r",
							"    pm.expect(pm.response.text()).to.include(\"20021\");\r",
							"});\r",
							"pm.test(\"status available\", function () {\r",
							"    pm.expect(pm.response.text()).to.include(\"available_QA\");\r",
							"});\r",
							""
						],
						"type": "text/javascript"
					}
				}
			],
			"protocolProfileBehavior": {
				"disableBodyPruning": true
			},
			"request": {
				"method": "GET",
				"header": [],
				"body": {
					"mode": "raw",
					"raw": "",
					"options": {
						"raw": {
							"language": "json"
						}
					}
				},
				"url": {
					"raw": "https://petstore.swagger.io/v2/pet/9223372016900013000",
					"protocol": "https",
					"host": [
						"petstore",
						"swagger",
						"io"
					],
					"path": [
						"v2",
						"pet",
						"9223372016900013000"
					]
				}
			},
			"response": []
		}
	]
}